ID,name,birth,email,gender,country_code,picture,createdAt,createdBy,modifiedAt,modifiedBy
10084855-83c1-4527-be25-4c4719a9654d,name-10084855,2009-01-03,email-10084855,Female,228,picture-10084855,2002-05-22T00:00:00.000Z,createdBy.605iv@example.net,2019-09-23T00:00:00.000Z,modifiedBy.605iv@example.com
10084856-63e3-4642-8efa-194a2c2b748c,name-10084856,2021-05-24,email-10084856,Other,228,picture-10084856,2018-08-27T00:00:00.000Z,createdBy.605iw@example.org,2009-12-19T00:00:00.000Z,modifiedBy.605iw@example.org
10084857-eb52-4c0e-9029-ec8eaf220d70,name-10084857,2019-12-05,email-10084857,Other,228,picture-10084857,2002-07-03T00:00:00.000Z,createdBy.605ix@example.net,2009-12-28T00:00:00.000Z,modifiedBy.605ix@example.org
10084858-7ee8-4b00-a4f2-2fe90921057b,name-10084858,2017-08-24,email-10084858,Other,228,picture-10084858,2004-05-17T00:00:00.000Z,createdBy.605iy@example.net,2011-05-09T00:00:00.000Z,modifiedBy.605iy@example.net
10084859-c280-4691-b2b5-189ae090c8b2,name-10084859,2015-07-25,email-10084859,Other,228,picture-10084859,2007-12-15T00:00:00.000Z,createdBy.605iz@example.org,2009-07-12T00:00:00.000Z,modifiedBy.605iz@example.org
10084860-c0e2-4ab9-a846-b239896de1c7,name-10084860,2009-12-11,email-10084860,Other,228,picture-10084860,2023-04-20T00:00:00.000Z,createdBy.605j0@example.org,2013-09-15T00:00:00.000Z,modifiedBy.605j0@example.net
10084861-94fe-41b6-8df7-d7b368059064,name-10084861,2008-09-08,email-10084861,Female,228,picture-10084861,2018-02-14T00:00:00.000Z,createdBy.605j1@example.com,2004-06-27T00:00:00.000Z,modifiedBy.605j1@example.com
10084862-43a1-4fee-af6c-bdadac5e1bc0,name-10084862,2011-08-28,email-10084862,Female,228,picture-10084862,2014-09-26T00:00:00.000Z,createdBy.605j2@example.com,2018-07-23T00:00:00.000Z,modifiedBy.605j2@example.org
10084863-4080-4b27-90a2-7227fda45fb8,name-10084863,2004-04-21,email-10084863,Other,228,picture-10084863,2019-03-11T00:00:00.000Z,createdBy.605j3@example.com,2022-11-17T00:00:00.000Z,modifiedBy.605j3@example.net
10084864-1b96-4ea3-93be-452e40a5d52a,name-10084864,2011-09-09,email-10084864,Female,228,picture-10084864,2005-08-09T00:00:00.000Z,createdBy.605j4@example.org,2002-08-03T00:00:00.000Z,modifiedBy.605j4@example.org
10084865-651f-4e83-8d78-f0205abae2dd,name-10084865,2019-12-02,email-10084865,Other,228,picture-10084865,2001-10-21T00:00:00.000Z,createdBy.605j5@example.net,2020-04-08T00:00:00.000Z,modifiedBy.605j5@example.com
10084866-aa1e-4ea0-837b-06d3a9082034,name-10084866,2015-07-06,email-10084866,Male,228,picture-10084866,2012-05-29T00:00:00.000Z,createdBy.605j6@example.org,2015-05-21T00:00:00.000Z,modifiedBy.605j6@example.org
10084867-b1b4-42d9-8a77-9f37520b0e36,name-10084867,2022-11-18,email-10084867,Other,228,picture-10084867,2017-04-20T00:00:00.000Z,createdBy.605j7@example.org,2001-07-17T00:00:00.000Z,modifiedBy.605j7@example.net
10084868-302e-462b-a814-df2df88ced48,name-10084868,2019-04-04,email-10084868,Other,228,picture-10084868,2003-09-14T00:00:00.000Z,createdBy.605j8@example.net,2022-08-07T00:00:00.000Z,modifiedBy.605j8@example.org
10084869-d79e-4d6d-9967-3959b9c99885,name-10084869,2002-06-16,email-10084869,Male,228,picture-10084869,2002-11-03T00:00:00.000Z,createdBy.605j9@example.net,2011-09-17T00:00:00.000Z,modifiedBy.605j9@example.com
10084870-7605-4e5c-bc30-ddad694a3f74,name-10084870,2000-11-09,email-10084870,Female,228,picture-10084870,2006-11-14T00:00:00.000Z,createdBy.605ja@example.com,2007-11-16T00:00:00.000Z,modifiedBy.605ja@example.org
10084871-534b-4175-bcb6-afb2a5ae3446,name-10084871,2017-05-15,email-10084871,Other,228,picture-10084871,2002-12-02T00:00:00.000Z,createdBy.605jb@example.com,2018-09-14T00:00:00.000Z,modifiedBy.605jb@example.org
10084872-b1df-4adb-af7d-a5a592d6ac79,name-10084872,2019-03-27,email-10084872,Female,228,picture-10084872,2001-03-19T00:00:00.000Z,createdBy.605jc@example.com,2006-03-02T00:00:00.000Z,modifiedBy.605jc@example.net
10084873-2cce-4ec6-9a11-44ebecd27def,name-10084873,2004-06-29,email-10084873,Female,228,picture-10084873,2005-07-02T00:00:00.000Z,createdBy.605jd@example.org,2003-05-12T00:00:00.000Z,modifiedBy.605jd@example.net
10084874-6418-40ee-906b-800569e350bd,name-10084874,2001-09-11,email-10084874,Female,001,picture-10084874,2021-11-22T00:00:00.000Z,createdBy.605je@example.org,2005-09-06T00:00:00.000Z,modifiedBy.605je@example.com